name     ,  rank,   score, probability, sas_points, surf_atoms,   center_x,   center_y,   center_z, residue_ids, surf_atom_ids
pocket1  ,     1,   48.25,       0.977,        181,         87,    36.0350,    -4.5127,    75.3160, C_10 C_11 C_111 C_12 C_13 C_157 C_159 C_162 C_223 C_224 C_243 C_276 C_277 C_345 C_347 C_352 C_353 C_354 C_357 C_40 C_41 C_42 C_43 C_44 C_46 C_47 C_61 C_62 C_64 C_65 C_66 C_67, 12179 12180 12187 12188 12203 12219 12225 12228 12231 12248 12249 12699 12712 12714 12716 12722 12726 12736 12738 12752 12757 12789 12808 12811 13013 13030 13033 13034 13036 13038 13040 13042 13073 13082 13087 13098 13115 13118 13119 13120 13833 14554 14555 14556 14572 14573 14576 14577 14579 14580 14582 14583 14585 14587 14635 15566 15572 15576 15581 15589 15854 15856 15857 15859 15860 15862 15864 16361 16372 17409 17411 17414 17416 17444 17448 17453 17534 17538 17543 17552 17555 17556 17557 17558 17564 17610 17614
pocket2  ,     2,   46.39,       0.974,        181,         90,    13.6473,     4.8307,   -16.2289, A_10 A_11 A_111 A_12 A_13 A_157 A_159 A_162 A_223 A_243 A_277 A_345 A_347 A_352 A_353 A_354 A_357 A_41 A_42 A_43 A_44 A_46 A_47 A_61 A_62 A_64 A_65 A_66 A_67 A_71, 148 149 156 157 172 188 194 200 216 217 218 681 683 685 686 691 695 701 705 707 710 711 712 721 758 777 780 982 989 999 1002 1003 1005 1007 1009 1011 1042 1051 1054 1056 1067 1081 1084 1088 1089 1161 1802 2524 2525 2541 2542 2545 2546 2548 2549 2551 2552 2554 2556 2604 3535 3541 3545 3823 3825 3826 3828 3829 3831 3833 4341 5375 5378 5380 5383 5385 5413 5417 5422 5503 5507 5512 5521 5524 5525 5526 5533 5579 5583 5585
pocket3  ,     3,   44.69,       0.972,        157,         78,    29.2891,    33.9879,    15.9317, B_10 B_11 B_110 B_112 B_12 B_156 B_158 B_161 B_162 B_222 B_242 B_276 B_344 B_346 B_351 B_352 B_356 B_40 B_41 B_42 B_43 B_45 B_46 B_60 B_61 B_63 B_64 B_65 B_66 B_9, 6160 6168 6169 6184 6200 6203 6229 6230 6693 6695 6703 6713 6717 6719 6724 6733 6738 6770 6789 6792 6994 7011 7014 7017 7021 7023 7054 7063 7066 7068 7079 7093 7096 7099 7100 7101 7814 7839 7843 8536 8553 8554 8557 8558 8560 8561 8563 8564 8566 8568 8616 8619 9553 9557 9831 9834 9837 9840 9841 9843 9845 10353 11390 11392 11395 11397 11425 11426 11429 11434 11513 11515 11533 11536 11537 11538 11591 11595
pocket4  ,     4,   43.32,       0.970,        172,         88,    51.6564,   -34.3876,    43.5116, D_10 D_11 D_110 D_12 D_156 D_158 D_161 D_162 D_222 D_242 D_275 D_276 D_344 D_346 D_350 D_351 D_352 D_353 D_356 D_40 D_41 D_42 D_45 D_46 D_60 D_61 D_63 D_64 D_65 D_66 D_70 D_9, 18191 18199 18200 18215 18231 18234 18243 18260 18261 18724 18726 18734 18738 18744 18748 18750 18753 18754 18801 18817 19025 19032 19036 19042 19045 19048 19052 19054 19084 19085 19094 19097 19099 19110 19124 19127 19130 19131 19132 19204 19845 20566 20567 20568 20584 20585 20588 20589 20591 20592 20594 20595 20597 20599 20642 20647 20650 21578 21584 21588 21862 21865 21868 21871 21872 21874 21876 22373 22384 23421 23423 23426 23428 23456 23460 23465 23535 23546 23548 23550 23555 23564 23567 23568 23569 23576 23622 23626
pocket5  ,     5,   26.74,       0.916,        189,         96,    14.8142,    17.5383,     2.7193, A_245 A_249 A_309 A_310 A_311 A_312 A_313 A_315 A_316 A_318 A_321 A_323 A_324 A_325 A_328 A_329 A_330 A_331 A_334 A_335 A_337 A_338 A_339 A_340 A_90 A_91 B_273 B_274 B_337 B_338 B_339 B_341 B_342 B_343 B_89 B_90 B_92 B_95 B_96, 1469 1472 1475 1488 1489 1490 3858 3862 3920 4853 4864 4866 4871 4873 4874 4885 4886 4901 4902 4909 4911 4915 4932 4935 4938 4946 4970 5011 5050 5053 5056 5057 5058 5066 5067 5077 5111 5114 5116 5124 5127 5130 5136 5139 5151 5187 5188 5191 5199 5202 5206 5238 5248 5249 5255 5259 5265 5288 7474 7496 7497 7501 7514 7518 7522 7564 7567 7570 7573 7576 7598 10325 10328 11257 11260 11261 11264 11265 11267 11277 11279 11280 11289 11291 11294 11295 11298 11299 11300 11330 11335 11339 11344 11348 11361 11373
pocket6  ,     6,   24.83,       0.901,        172,         80,    39.8489,   -19.9771,    56.1643, C_309 C_313 C_315 C_316 C_318 C_320 C_321 C_323 C_324 C_325 C_328 C_330 C_331 C_334 C_335 C_337 C_338 C_340 C_90 C_91 D_273 D_274 D_315 D_316 D_337 D_338 D_339 D_341 D_342 D_343 D_347 D_89 D_90 D_92 D_95, 13500 13503 13506 13520 13521 16897 16946 16958 16959 16963 16969 16977 17001 17030 17042 17081 17084 17087 17088 17089 17097 17098 17108 17145 17167 17182 17219 17220 17222 17233 17269 17270 17279 17280 17286 17290 17318 17319 19505 19506 19512 19515 19527 19533 19555 19594 19598 19601 19604 19607 22355 22356 22359 22989 23000 23004 23288 23291 23296 23298 23302 23308 23310 23311 23320 23322 23326 23329 23331 23361 23366 23370 23375 23378 23379 23392 23394 23404 23481 23482
pocket7  ,     7,   23.52,       0.890,        196,         85,    24.1360,     8.4655,     7.4510, A_117 A_119 A_129 A_130 A_131 A_258 A_259 A_260 A_261 A_268 A_270 A_326 A_327 A_328 A_329 A_331 A_332 A_335 A_336 A_340 A_341 B_267 B_312 B_314 B_322 B_323 B_324 B_325 B_327 B_330 B_333 B_334 B_335 B_336 B_337 B_340, 1897 1899 1901 1927 1930 1933 1936 2099 2103 2111 2130 2133 2135 4068 4073 4078 4089 4093 4107 4112 4113 4223 4225 4229 4253 4256 5083 5095 5097 5098 5103 5110 5120 5155 5159 5161 5165 5210 5211 5226 5228 5230 5283 5287 5304 5306 10237 10923 10927 10944 10947 11061 11062 11068 11069 11070 11078 11079 11085 11088 11089 11090 11096 11103 11123 11126 11163 11166 11167 11200 11203 11211 11214 11215 11218 11221 11223 11238 11240 11242 11250 11251 11267 11271 11318
pocket8  ,     8,   14.89,       0.738,        124,         50,    42.7121,    -4.8180,    50.1142, C_117 C_119 C_129 C_130 C_131 C_258 C_259 C_260 C_261 C_267 C_268 C_270 C_326 C_327 C_328 C_331 C_332 C_335 C_336 D_267 D_334 D_335 D_340, 13928 13930 13932 13964 13967 14122 14128 14130 14134 14142 14161 14164 14165 14166 16099 16109 16120 16124 16138 16143 16144 16238 16250 16254 16256 16284 16287 17114 17115 17128 17129 17141 17184 17186 17190 17192 17196 17241 17242 17257 17261 22268 22272 23249 23253 23254 23269 23271 23273 23349
pocket9  ,     9,   14.03,       0.708,        138,         66,    28.5559,    14.8794,    -7.0849, A_174 A_175 A_176 A_177 A_178 A_180 A_339 A_340 A_342 A_343 A_344 A_346 A_348 A_349 A_91 A_92 A_96 A_97 B_315 B_317 B_318 B_319 B_320 B_321 B_322 B_88 B_89 B_90, 1484 1499 1548 1551 1555 1558 1561 1564 1578 1582 2769 2772 2777 2779 2782 2783 2784 2793 2796 2799 2802 2819 2820 2842 5268 5279 5282 5283 5318 5332 5336 5349 5354 5355 5361 5404 5438 5439 5458 5460 7458 7471 7475 7478 7481 7484 7487 7491 7493 7500 7501 7502 10963 10982 11005 11010 11011 11013 11016 11018 11022 11023 11036 11056 11062 11065
pocket10 ,    10,   13.93,       0.704,        137,         48,    51.1421,    -8.5169,    42.2101, C_131 C_267 D_116 D_118 D_122 D_127 D_128 D_129 D_130 D_255 D_256 D_257 D_258 D_259 D_260 D_267 D_269 D_325 D_326 D_327 D_328 D_330 D_331 D_334 D_335, 14165 14166 16250 19940 19942 19944 19973 19976 19979 20046 20051 20130 20146 20154 20176 20177 20178 22086 22095 22111 22116 22121 22124 22132 22136 22150 22155 22156 22162 22266 22268 22299 23126 23130 23135 23138 23140 23141 23153 23163 23198 23202 23204 23252 23253 23254 23271 23273
pocket11 ,    11,   12.61,       0.656,        103,         49,    55.6026,   -14.4006,    51.6560, C_268 C_339 C_340 C_341 D_244 D_248 D_308 D_309 D_310 D_312 D_322 D_323 D_325 D_327 D_328 D_329 D_330 D_333 D_334 D_336 D_337, 16260 17304 17313 17314 17318 17329 17335 17337 21898 21901 21962 21963 22896 22903 22907 22909 22914 22916 22917 22929 22954 22958 23092 23093 23096 23099 23101 23104 23109 23110 23121 23134 23154 23157 23167 23170 23182 23184 23194 23197 23198 23231 23234 23242 23245 23249 23281 23282 23298
pocket12 ,    12,   10.04,       0.540,        123,         44,    26.9028,     8.9035,    16.6480, A_131 A_267 B_116 B_118 B_127 B_128 B_129 B_130 B_258 B_259 B_260 B_267 B_269 B_325 B_330 B_331 B_334 B_335 B_340, 2133 2134 2135 4216 4219 7909 7911 7913 7936 7939 7942 7945 7948 8093 8109 8111 8115 8123 8142 8147 10090 10101 10105 10119 10124 10125 10131 10237 10265 10268 11095 11096 11165 11166 11167 11171 11173 11177 11221 11222 11223 11240 11242 11318
pocket13 ,    13,    9.99,       0.538,        120,         61,    44.1860,   -28.4956,    68.1579, C_81 C_83 C_86 C_87 C_89 C_90 C_91 C_92 C_94 C_95 C_96 D_100 D_101 D_102 D_80 D_81 D_82 D_85 D_86 D_88 D_89 D_90 D_91 D_94 D_97, 13332 13333 13357 13412 13422 13428 13431 13435 13438 13477 13490 13515 13524 13526 13530 13558 13566 13567 13568 13571 13574 13575 13576 13577 13579 13583 13586 13589 13595 19344 19345 19348 19352 19360 19361 19369 19423 19424 19428 19434 19438 19440 19443 19447 19489 19502 19522 19524 19536 19538 19579 19580 19583 19587 19588 19638 19677 19678 19681 19696 19721
pocket14 ,    14,    8.29,       0.442,         82,         41,    50.2897,   -14.1092,    66.2345, C_174 C_175 C_176 C_177 C_178 C_180 C_340 C_342 C_343 C_344 C_345 C_346 C_348 C_349 C_96 D_318 D_86 D_89 D_90, 13582 13586 13592 13595 14800 14803 14808 14810 14813 14814 14815 14817 14821 14850 14873 17310 17313 17349 17356 17363 17367 17380 17385 17386 17392 17401 17435 17469 17470 17485 17489 17491 19443 19502 19506 19509 19515 19518 19522 19532 23041
pocket15 ,    15,    6.62,       0.336,         90,         38,    19.8862,    30.8933,   -10.0327, A_103 A_319 A_81 A_86 A_87 A_89 A_90 A_95 B_100 B_102 B_80 B_81 B_82 B_85 B_86 B_94 B_97, 1301 1302 1380 1381 1385 1391 1395 1397 1400 1401 1404 1446 1459 1540 1543 1544 1545 1678 4998 7313 7314 7317 7321 7329 7338 7403 7416 7548 7549 7552 7555 7556 7557 7607 7646 7647 7650 7690
pocket16 ,    16,    5.56,       0.266,         45,         21,    29.7503,    -9.8730,    56.5300, C_245 C_249 C_309 C_310 C_311 C_312 C_313 C_323 C_324 C_328 C_329 C_330 C_334, 15889 15951 16893 16897 16905 16917 16932 16933 16940 16942 16946 17089 17097 17098 17142 17145 17155 17158 17167 17170 17222
pocket17 ,    17,    4.79,       0.212,         70,         33,    36.5897,    17.0983,    40.1386, B_143 B_146 B_147 B_148 B_211 B_213 B_214 B_215 B_233 B_234 C_124 C_125 C_145 C_146, 8358 8361 8407 8410 8412 8413 8421 8425 8433 9387 9391 9408 9427 9429 9431 9442 9444 9448 9451 9454 9457 9460 9705 9706 9707 9721 14045 14057 14060 14070 14393 14410 14416
pocket18 ,    18,    3.77,       0.145,         43,         20,    13.9818,    22.8811,    10.4834, B_173 B_174 B_175 B_176 B_177 B_270 B_339 B_342 B_343 B_347, 8781 8784 8789 8796 8802 8808 8831 8832 10285 11291 11294 11295 11300 11344 11348 11361 11366 11367 11373 11450
pocket19 ,    19,    3.33,       0.118,         14,         14,    44.1127,   -15.5030,    65.0791, C_338 C_342 C_344 C_91 C_93 C_96 D_90, 13515 13541 13545 13589 13592 13595 17274 17276 17284 17349 17356 17392 19524 19532
pocket20 ,    20,    2.63,       0.077,         36,         17,    11.3385,    17.4123,    11.0316, A_323 A_324 A_325 A_326 B_173 B_174 B_175 B_177 B_270 B_339 B_340, 5049 5066 5071 5073 5090 5091 5092 8781 8784 8789 8831 8832 10285 11294 11295 11300 11310
pocket21 ,    21,    2.62,       0.076,         35,         24,    37.5292,   -23.8531,    48.4665, D_174 D_175 D_176 D_177 D_339 D_341 D_342 D_343 D_344 D_345 D_347 D_348, 20815 20820 20822 20825 20826 20827 20833 20836 20839 20862 23322 23325 23326 23361 23375 23379 23392 23397 23398 23404 23413 23434 23481 23501
pocket22 ,    22,    2.53,       0.071,         25,         18,    39.0726,    16.8114,    12.3223, B_244 B_248 B_308 B_309 B_310 B_312 B_323 B_327 B_328, 9867 9870 9931 9932 10865 10876 10885 10886 10898 10921 10923 10927 11079 11119 11123 11126 11136 11139
pocket23 ,    23,    2.39,       0.063,         30,         22,    24.5584,    26.3032,    -7.2222, A_91 A_92 A_95 A_96 B_85 B_86 B_88 B_89 B_90 B_91 B_93 B_94, 1484 1495 1498 1499 1537 1543 1544 1545 1555 1558 7393 7397 7409 7412 7416 7458 7471 7491 7493 7505 7539 7557
pocket24 ,    24,    2.24,       0.055,         31,         17,    36.0041,   -17.4527,    46.9182, C_324 C_325 C_326 D_173 D_174 D_175 D_177 D_270 D_339, 17096 17097 17102 17104 17118 17122 20812 20815 20820 20861 20862 20863 22316 23325 23326 23329 23331
pocket25 ,    25,    2.20,       0.053,         31,         19,    17.5658,   -18.2781,    -4.2692, A_209 A_210 A_211 A_212 A_213 A_214 A_215 A_218 A_364 A_365, 3321 3333 3345 3361 3369 3373 3375 3380 3391 3393 3396 3397 3409 3418 3476 3479 3484 5690 5706
pocket26 ,    26,    1.75,       0.032,          4,          7,    20.9719,    15.0780,    -6.3105, A_338 A_342 A_93 A_96 A_97, 1514 1564 1586 5243 5245 5323 5327
pocket27 ,    27,    1.72,       0.031,         32,         20,    39.9413,    18.5028,    63.0674, C_209 C_210 C_211 C_212 C_213 C_214 C_218 C_219 C_364, 15349 15351 15352 15364 15376 15392 15400 15404 15406 15409 15411 15422 15427 15437 15440 15507 15510 15515 15534 17721
pocket28 ,    28,    1.44,       0.019,         26,         15,    28.5274,    21.8120,    39.4483, B_208 B_209 B_210 B_211 B_213 B_214 B_217 B_218, 9333 9357 9373 9381 9385 9387 9408 9409 9418 9421 9430 9488 9491 9496 9516
pocket29 ,    29,    0.84,       0.003,          7,         13,     9.5335,    -2.3553,    -4.8259, A_223 A_226 A_227 A_238 A_240 A_244, 3534 3539 3543 3582 3584 3592 3594 3600 3761 3763 3787 3792 3843
pocket30 ,    30,    0.61,       0.000,          6,          9,    23.4362,   -19.0961,    72.5558, C_21 C_22 C_280 C_295 C_298 C_299, 12377 12393 16423 16635 16644 16648 16693 16708 16714
